BEGIN TRANSACTION;
CREATE TABLE IF NOT EXISTS "__EFMigrationsHistory" (
	"MigrationId"	TEXT NOT NULL,
	"ProductVersion"	TEXT NOT NULL,
	CONSTRAINT "PK___EFMigrationsHistory" PRIMARY KEY("MigrationId")
);
CREATE TABLE IF NOT EXISTS "Team" (
	"Id"	INTEGER NOT NULL,
	"Name"	TEXT NOT NULL,
	"FoundedDate"	TEXT NOT NULL,
	"StadiumName"	TEXT NOT NULL,
	"ChampionshipsWon"	INTEGER NOT NULL,
	CONSTRAINT "PK_Team" PRIMARY KEY("Id" AUTOINCREMENT)
);
CREATE TABLE IF NOT EXISTS "TeamPlayerHistory" (
	"TeamPlayerHistoryId"	INTEGER NOT NULL,
	"PlayerId"	INTEGER NOT NULL,
	"TeamId"	INTEGER NOT NULL,
	"JoinDate"	TEXT NOT NULL,
	"LeaveDate"	TEXT,
	CONSTRAINT "PK_TeamPlayerHistory" PRIMARY KEY("TeamPlayerHistoryId" AUTOINCREMENT),
	CONSTRAINT "FK_TeamPlayerHistory_Player_PlayerId" FOREIGN KEY("PlayerId") REFERENCES "Player"("PlayerId") ON DELETE CASCADE,
	CONSTRAINT "FK_TeamPlayerHistory_Team_TeamId" FOREIGN KEY("TeamId") REFERENCES "Team"("Id") ON DELETE CASCADE
);
CREATE TABLE IF NOT EXISTS "Player" (
	"PlayerId"	INTEGER NOT NULL,
	"DateOfBirth"	TEXT NOT NULL,
	"FirstName"	TEXT NOT NULL,
	"LastName"	TEXT NOT NULL,
	"PlayerPosition"	INTEGER NOT NULL,
	CONSTRAINT "PK_Player" PRIMARY KEY("PlayerId" AUTOINCREMENT)
);
INSERT INTO "__EFMigrationsHistory" VALUES ('20230915184639_InitialCreate','7.0.11');
INSERT INTO "__EFMigrationsHistory" VALUES ('20230915193405_ModifiedRelationships','7.0.11');
INSERT INTO "__EFMigrationsHistory" VALUES ('20230916172503_AddedTeamPlayerHistoryDbSet','7.0.11');
INSERT INTO "__EFMigrationsHistory" VALUES ('20230918202213_changedFoundedDateToDateTime','7.0.11');
INSERT INTO "Team" VALUES (24,'IFK','1999-01-01 00:00:00','Ullevi',1001);
INSERT INTO "Team" VALUES (26,'Burgården','0001-01-01 00:00:00','Burgården Arena',5);
INSERT INTO "Team" VALUES (27,'Trollhättans IK','2020-01-30 00:00:00','Trollhättestadiumet',9001);
INSERT INTO "TeamPlayerHistory" VALUES (6,7,27,'2023-09-20 17:07:00.8139407',NULL);
INSERT INTO "TeamPlayerHistory" VALUES (7,8,26,'2023-09-20 17:37:05.1472627',NULL);
INSERT INTO "TeamPlayerHistory" VALUES (8,9,26,'2023-09-20 17:40:58.263637',NULL);
INSERT INTO "TeamPlayerHistory" VALUES (9,10,26,'2023-09-20 17:41:06.011059',NULL);
INSERT INTO "TeamPlayerHistory" VALUES (10,11,27,'2023-09-20 17:52:14.6369269',NULL);
INSERT INTO "TeamPlayerHistory" VALUES (11,12,24,'2023-09-20 20:35:17.3399031',NULL);
INSERT INTO "TeamPlayerHistory" VALUES (12,7,24,'2023-09-20 17:07:00.8139407','2023-10-01 12:27:52.0011079');
INSERT INTO "TeamPlayerHistory" VALUES (13,7,27,'2023-09-20 17:07:00.8139407','2023-10-01 12:28:40.6413158');
INSERT INTO "TeamPlayerHistory" VALUES (14,10,26,'2023-10-01 16:39:49.5163321','2023-10-01 16:39:49.5159184');
INSERT INTO "TeamPlayerHistory" VALUES (15,9,27,'2023-10-01 16:57:37.7517189','2023-10-01 16:57:37.7512221');
INSERT INTO "TeamPlayerHistory" VALUES (16,9,24,'2023-10-01 16:57:44.7727035','2023-10-01 16:57:44.772691');
INSERT INTO "TeamPlayerHistory" VALUES (17,9,24,'2023-10-01 16:57:51.2107287','2023-10-01 16:57:51.2107248');
INSERT INTO "TeamPlayerHistory" VALUES (18,13,24,'2023-10-01 16:59:48.9090276',NULL);
INSERT INTO "TeamPlayerHistory" VALUES (19,12,24,'2023-10-01 16:59:56.9529122','2023-10-01 16:59:56.9527135');
INSERT INTO "Player" VALUES (7,'2001-10-01 00:00:00','Ahmad','Khalil',1);
INSERT INTO "Player" VALUES (8,'1994-05-15 00:00:00','Mehmet','Koyuncu',3);
INSERT INTO "Player" VALUES (9,'1995-12-02 00:00:00','Marco','Teran',1);
INSERT INTO "Player" VALUES (10,'1996-05-15 00:00:00','Hannah','Torsteinsrud',0);
INSERT INTO "Player" VALUES (11,'1999-10-01 00:00:00','Joakim','Åhlström',1);
INSERT INTO "Player" VALUES (12,'1995-06-01 00:00:00','Elin','Johansson',2);
INSERT INTO "Player" VALUES (13,'0001-01-01 00:00:00','Markus','Lamm',0);
CREATE INDEX IF NOT EXISTS "IX_TeamPlayerHistory_PlayerId" ON "TeamPlayerHistory" (
	"PlayerId"
);
CREATE INDEX IF NOT EXISTS "IX_TeamPlayerHistory_TeamId" ON "TeamPlayerHistory" (
	"TeamId"
);
COMMIT;
